 Iso,Temp,Conc
U238.gendf, 6.0000000E+02, 4.5140000E-05
O16.gendf, 6.0000000E+02, 1.6504300E-02
