 Iso,Temp,Conc
U235.gendf, 6.0000000E+02, 3.5883800E-05
U238.gendf, 6.0000000E+02, 7.0507200E-03
O16.gendf, 6.0000000E+02, 1.6504300E-02
